0;0;0;0;land;false;unknown;0
1;143;132;236;land;true;plains;1
2;255;244;244;land;false;unknown;0
3;211;137;191;lake;false;lakes;1
4;231;236;142;lake;false;lakes;1
5;108;234;183;lake;false;lakes;1
6;68;223;237;lake;false;lakes;1
7;121;234;245;lake;false;lakes;1
8;31;12;36;sea;false;ocean;1
9;40;10;22;sea;false;ocean;1
10;11;42;10;sea;false;ocean;1
11;23;9;26;sea;false;ocean;1
12;21;40;8;sea;false;ocean;1
13;14;51;31;sea;false;ocean;1
14;55;10;6;sea;false;ocean;1
15;11;14;37;sea;false;ocean;1
16;17;25;2;sea;false;ocean;1
17;25;45;20;sea;false;ocean;1
18;35;26;5;sea;false;ocean;1
19;19;8;22;sea;true;ocean;1
20;52;2;19;sea;false;ocean;1
21;4;50;37;sea;false;ocean;1
22;29;3;57;sea;false;ocean;1
23;60;24;15;sea;false;ocean;1
24;38;41;1;sea;false;ocean;1
25;62;16;1;sea;false;ocean;1
26;19;53;7;sea;false;ocean;1
27;29;45;2;sea;false;ocean;1
28;54;31;4;sea;false;ocean;1
29;1;6;81;sea;false;ocean;1
30;42;34;20;sea;false;ocean;1
31;38;13;19;sea;false;ocean;1
32;50;17;4;sea;false;ocean;1
33;19;2;18;sea;false;ocean;1
34;29;31;25;sea;false;ocean;1
35;65;30;3;sea;false;ocean;1
36;9;44;38;sea;false;ocean;1
37;39;26;1;sea;false;ocean;1
38;6;22;47;sea;false;ocean;1
39;0;1;91;sea;false;ocean;1
40;4;19;30;sea;false;ocean;1
41;12;29;16;sea;false;ocean;1
42;11;8;54;sea;false;ocean;1
43;28;46;7;sea;false;ocean;1
44;10;45;31;sea;false;ocean;1
45;4;22;38;sea;false;ocean;1
46;10;6;28;sea;false;ocean;1
47;30;29;36;sea;false;ocean;1
48;29;6;53;sea;false;ocean;1
49;45;7;39;sea;true;ocean;1
50;32;12;44;sea;false;ocean;1
51;15;18;6;sea;false;ocean;1
52;18;34;5;sea;false;ocean;1
53;45;21;23;sea;false;ocean;1
54;10;52;37;sea;false;ocean;1
55;16;12;52;sea;false;ocean;1
56;57;5;30;sea;false;ocean;1
57;46;26;23;sea;false;ocean;1
58;56;24;1;sea;false;ocean;1
59;0;15;70;sea;true;ocean;1
60;25;55;14;sea;false;ocean;1
61;41;39;11;sea;false;ocean;1
62;16;8;56;sea;false;ocean;1
63;6;63;29;sea;false;ocean;1
64;14;63;4;sea;true;ocean;1
65;17;40;31;sea;false;ocean;1
66;13;12;72;sea;false;ocean;1
67;15;32;33;sea;false;ocean;1
68;36;38;22;sea;false;ocean;1
69;38;20;16;sea;false;ocean;1
70;24;58;7;sea;true;ocean;1
71;4;69;12;sea;false;ocean;1
72;22;18;21;sea;true;ocean;1
73;0;15;5;sea;false;ocean;1
74;11;60;24;sea;false;ocean;1
75;20;22;9;sea;false;ocean;1
76;10;13;62;sea;false;ocean;1
77;4;12;17;sea;false;ocean;1
78;33;19;12;sea;false;ocean;1
79;27;47;14;sea;false;ocean;1
80;4;1;32;sea;false;ocean;1
81;49;9;19;sea;false;ocean;1
82;48;22;4;sea;false;ocean;1
83;7;14;77;sea;false;ocean;1
84;27;37;9;sea;false;ocean;1
85;59;2;38;sea;true;ocean;1
86;24;36;11;sea;false;ocean;1
87;28;44;6;sea;false;ocean;1
88;8;14;8;sea;false;ocean;1
89;23;47;2;sea;false;ocean;1
90;39;4;56;sea;false;ocean;1
91;31;30;21;sea;false;ocean;1
92;42;9;5;sea;false;ocean;1
93;26;9;34;sea;true;ocean;1
94;9;38;35;sea;true;ocean;1
95;20;58;9;sea;false;ocean;1
96;1;9;43;sea;false;ocean;1
97;25;0;37;sea;true;ocean;1
98;27;18;41;sea;true;ocean;1
99;6;52;20;sea;false;ocean;1
100;12;11;32;sea;false;ocean;1
101;19;13;62;sea;false;ocean;1
102;50;37;0;sea;false;ocean;1
103;2;5;78;sea;false;ocean;1
104;4;31;23;sea;false;ocean;1
105;9;21;45;sea;false;ocean;1
106;33;42;12;sea;false;ocean;1
107;57;19;19;sea;false;ocean;1
108;17;17;60;sea;false;ocean;1
109;1;29;18;sea;false;ocean;1
110;11;24;30;sea;false;ocean;1
111;17;1;3;sea;false;ocean;1
112;20;18;11;sea;false;ocean;1
113;12;32;15;sea;false;ocean;1
114;11;7;1;sea;false;ocean;1
115;48;23;14;sea;false;ocean;1
116;17;41;20;sea;true;ocean;1
117;18;16;65;sea;false;ocean;1
118;31;31;1;sea;false;ocean;1
119;75;0;12;sea;false;ocean;1
120;27;28;9;sea;false;ocean;1
121;36;3;42;sea;false;ocean;1
122;21;63;9;sea;false;ocean;1
123;18;15;0;sea;false;ocean;1
124;20;2;50;sea;true;ocean;1
125;7;6;86;sea;true;ocean;1
126;8;23;18;sea;false;ocean;1
127;5;15;24;sea;false;ocean;1
128;5;6;70;sea;true;ocean;1
129;16;71;12;sea;false;ocean;1
130;50;10;29;sea;false;ocean;1
131;8;5;41;sea;true;ocean;1
132;2;39;10;sea;false;ocean;1
133;5;11;54;sea;false;ocean;1
134;27;30;3;sea;false;ocean;1
135;13;27;12;sea;false;ocean;1
136;18;12;36;sea;false;ocean;1
137;29;14;30;sea;true;ocean;1
138;29;11;56;sea;false;ocean;1
139;59;3;34;sea;false;ocean;1
140;10;49;24;sea;false;ocean;1
141;18;6;30;sea;false;ocean;1
142;16;14;58;sea;false;ocean;1
143;27;28;11;sea;false;ocean;1
144;28;55;5;sea;false;ocean;1
145;22;52;19;sea;false;ocean;1
146;35;19;20;sea;false;ocean;1
147;14;5;66;sea;true;ocean;1
148;54;23;15;sea;false;ocean;1
149;4;68;10;sea;false;ocean;1
150;20;9;19;sea;false;ocean;1
151;27;8;25;sea;false;ocean;1
152;21;24;7;sea;true;ocean;1
153;20;55;7;sea;true;ocean;1
154;43;16;14;sea;false;ocean;1
155;4;39;3;sea;false;ocean;1
156;7;29;33;sea;false;ocean;1
157;60;8;2;sea;true;ocean;1
158;10;6;6;sea;false;ocean;1
159;9;44;20;sea;false;ocean;1
160;12;59;4;sea;false;ocean;1
161;48;2;7;sea;false;ocean;1
162;52;21;13;sea;false;ocean;1
163;19;35;28;sea;false;ocean;1
164;0;7;38;sea;false;ocean;1
165;15;57;6;sea;false;ocean;1
166;62;14;14;sea;false;ocean;1
167;55;27;7;sea;false;ocean;1
168;21;42;24;sea;false;ocean;1
169;3;53;1;sea;false;ocean;1
170;9;44;36;sea;true;ocean;1
171;41;9;36;sea;false;ocean;1
172;42;32;23;sea;false;ocean;1
173;11;13;13;sea;false;ocean;1
174;60;18;20;sea;true;ocean;1
175;22;50;24;sea;false;ocean;1
176;67;8;22;sea;false;ocean;1
177;34;39;0;sea;false;ocean;1
178;12;28;18;sea;true;ocean;1
179;18;24;30;sea;false;ocean;1
180;66;7;6;sea;false;ocean;1
181;19;28;49;sea;false;ocean;1
182;31;36;27;sea;false;ocean;1
183;30;51;13;sea;false;ocean;1
184;5;61;26;sea;false;ocean;1
185;29;11;51;sea;false;ocean;1
186;41;1;57;sea;true;ocean;1
187;24;34;33;sea;false;ocean;1
188;16;24;19;sea;false;ocean;1
189;14;17;39;sea;true;ocean;1
190;16;26;51;sea;false;ocean;1
191;13;10;26;sea;false;ocean;1
192;41;9;0;sea;false;ocean;1
193;36;24;7;sea;true;ocean;1
194;51;7;40;sea;false;ocean;1
195;8;12;24;sea;false;ocean;1
196;7;17;7;sea;false;ocean;1
197;24;4;28;sea;false;ocean;1
198;5;27;52;sea;false;ocean;1
199;3;8;25;sea;false;ocean;1
200;37;25;21;sea;false;ocean;1
201;51;5;1;sea;false;ocean;1
202;19;26;31;sea;false;ocean;1
203;19;32;46;sea;true;ocean;1
204;2;69;21;sea;false;ocean;1
205;7;16;35;sea;true;ocean;1
206;21;10;28;sea;false;ocean;1
207;39;0;42;sea;true;ocean;1
208;15;18;59;sea;false;ocean;1
209;12;18;41;sea;false;ocean;1
210;13;2;58;sea;true;ocean;1
211;31;13;43;sea;false;ocean;1
212;4;7;80;sea;false;ocean;1
213;1;65;8;sea;true;ocean;1
214;30;36;20;sea;false;ocean;1
215;18;22;28;sea;false;ocean;1
216;15;37;44;sea;false;ocean;1
217;18;36;6;sea;false;ocean;1
218;40;22;32;sea;false;ocean;1
219;56;3;16;sea;false;ocean;1
220;5;8;21;sea;false;ocean;1
221;30;35;1;sea;false;ocean;1
222;46;13;9;sea;false;ocean;1
223;43;10;5;sea;false;ocean;1
224;2;39;39;sea;false;ocean;1
225;38;8;27;sea;false;ocean;1
226;41;25;2;sea;true;ocean;1
227;14;17;10;sea;false;ocean;1
228;63;14;15;sea;false;ocean;1
229;38;34;25;sea;false;ocean;1
230;22;21;13;sea;true;ocean;1
231;18;57;18;sea;false;ocean;1
232;18;0;76;sea;false;ocean;1
233;46;40;5;sea;false;ocean;1
234;21;44;3;sea;false;ocean;1
235;27;57;1;sea;false;ocean;1
236;32;12;14;sea;false;ocean;1
237;23;40;14;sea;false;ocean;1
238;16;0;50;sea;false;ocean;1
239;0;13;65;sea;false;ocean;1
240;43;1;7;sea;false;ocean;1
241;33;16;12;sea;false;ocean;1
242;6;65;24;sea;true;ocean;1
243;78;21;0;sea;false;ocean;1
244;11;34;25;sea;false;ocean;1
245;41;56;0;sea;true;ocean;1
246;11;31;43;sea;false;ocean;1
247;79;17;2;sea;false;ocean;1
248;54;12;4;sea;false;ocean;1
249;54;34;0;sea;false;ocean;1
250;18;9;72;sea;false;ocean;1
251;12;48;27;sea;true;ocean;1
252;40;35;14;sea;false;ocean;1
253;21;2;49;sea;true;ocean;1
254;30;15;45;sea;false;ocean;1
255;11;51;18;sea;false;ocean;1
256;18;2;60;sea;false;ocean;1
257;0;38;45;sea;false;ocean;1
258;12;3;45;sea;false;ocean;1
259;1;24;71;sea;false;ocean;1
260;21;14;16;sea;false;ocean;1
261;0;6;12;sea;false;ocean;1
262;11;42;37;sea;false;ocean;1
263;1;9;22;sea;false;ocean;1
264;6;12;26;sea;false;ocean;1
265;0;2;16;sea;false;ocean;1
266;4;65;2;sea;false;ocean;1
267;57;10;5;sea;false;ocean;1
268;24;19;12;sea;true;ocean;1
269;12;75;2;sea;true;ocean;1
270;32;1;2;sea;true;ocean;1
271;6;41;18;sea;true;ocean;1
272;20;5;24;sea;true;ocean;1
273;39;33;0;sea;false;ocean;1
274;8;7;84;sea;false;ocean;1
275;10;16;40;sea;true;ocean;1
276;0;3;86;sea;false;ocean;1
277;2;31;12;sea;false;ocean;1
278;21;7;21;sea;false;ocean;1
279;5;53;13;sea;true;ocean;1
280;14;6;24;sea;true;ocean;1
281;18;14;27;sea;false;ocean;1
282;0;67;14;sea;true;ocean;1
283;11;32;38;sea;true;ocean;1
284;8;59;20;sea;true;ocean;1
285;44;20;23;sea;true;ocean;1
286;43;6;13;sea;true;ocean;1
287;30;24;4;sea;true;ocean;1
288;43;0;4;sea;true;ocean;1
289;15;31;2;sea;false;ocean;1
290;30;23;44;sea;false;ocean;1
291;0;7;89;sea;false;ocean;1
292;64;9;6;sea;false;ocean;1
293;5;29;31;sea;true;ocean;1
294;5;53;37;sea;false;ocean;1
295;21;9;39;sea;false;ocean;1
296;15;4;76;sea;false;ocean;1
297;13;60;4;sea;true;ocean;1
298;16;25;52;sea;false;ocean;1
299;73;8;0;sea;true;ocean;1
300;34;52;1;sea;true;ocean;1
301;48;40;4;sea;false;ocean;1
302;17;14;29;sea;false;ocean;1
303;33;16;43;sea;true;ocean;1
304;16;6;28;sea;true;ocean;1
305;71;18;9;sea;false;ocean;1
306;47;17;10;sea;false;ocean;1
307;45;15;27;sea;true;ocean;1
308;19;41;21;sea;true;ocean;1
309;6;53;26;sea;true;ocean;1
310;28;14;36;sea;false;ocean;1
311;16;56;17;sea;true;ocean;1
312;22;26;43;sea;true;ocean;1
313;45;27;15;sea;false;ocean;1
314;17;22;30;sea;false;ocean;1
315;21;41;13;sea;false;ocean;1
316;10;52;10;sea;false;ocean;1
317;8;8;73;sea;true;ocean;1
318;45;19;17;sea;false;ocean;1
319;65;16;1;sea;false;ocean;1
320;30;7;7;sea;true;ocean;1
321;41;4;2;sea;true;ocean;1
322;60;12;21;sea;true;ocean;1
323;6;86;1;sea;false;ocean;1
324;4;18;68;sea;false;ocean;1
325;38;1;5;sea;false;ocean;1
326;7;26;31;sea;false;ocean;1
327;20;0;30;sea;false;ocean;1
328;8;30;2;sea;false;ocean;1
329;14;0;62;sea;false;ocean;1
330;11;23;57;sea;true;ocean;1
331;54;2;18;sea;false;ocean;1
332;57;4;37;sea;true;ocean;1
333;55;28;0;sea;false;ocean;1
334;46;23;6;sea;false;ocean;1
335;2;28;10;sea;true;ocean;1
336;34;1;27;sea;true;ocean;1
337;10;49;0;sea;false;ocean;1
338;72;7;4;sea;false;ocean;1
339;29;58;10;sea;false;ocean;1
340;2;49;11;sea;false;ocean;1
341;16;53;13;sea;true;ocean;1
342;4;35;52;sea;true;ocean;1
343;19;69;7;sea;false;ocean;1
344;19;19;55;sea;false;ocean;1
345;25;38;21;sea;false;ocean;1
346;13;54;12;sea;true;ocean;1
347;65;6;17;sea;false;ocean;1
348;20;50;17;sea;true;ocean;1
349;36;45;16;sea;false;ocean;1
350;40;20;8;sea;false;ocean;1
351;10;48;2;sea;false;ocean;1
352;52;5;30;sea;true;ocean;1
353;10;28;45;sea;false;ocean;1
354;56;13;1;sea;true;ocean;1
355;4;16;13;sea;false;ocean;1
356;10;6;29;sea;false;ocean;1
357;46;38;10;sea;false;ocean;1
358;44;10;20;sea;true;ocean;1
359;3;59;7;sea;false;ocean;1
360;40;17;19;sea;false;ocean;1
361;17;10;60;sea;false;ocean;1
362;44;16;20;sea;false;ocean;1
363;15;48;36;sea;false;ocean;1
364;30;6;1;sea;false;ocean;1
365;45;11;33;sea;false;ocean;1
366;8;52;4;sea;true;ocean;1
367;7;64;16;sea;true;ocean;1
368;6;36;29;sea;false;ocean;1
369;4;48;3;sea;false;ocean;1
370;16;36;13;sea;true;ocean;1
371;17;18;1;sea;false;ocean;1
372;39;56;0;sea;false;ocean;1
373;38;32;24;sea;true;ocean;1
374;30;20;35;sea;false;ocean;1
375;13;10;15;sea;false;ocean;1
376;9;40;25;sea;false;ocean;1
377;8;41;27;sea;true;ocean;1
378;12;26;17;sea;true;ocean;1
379;8;34;28;sea;false;ocean;1
380;57;21;2;sea;true;ocean;1
381;17;14;30;sea;false;ocean;1
382;32;18;14;sea;true;ocean;1
383;6;44;15;sea;true;ocean;1
384;46;0;23;sea;true;ocean;1
385;18;2;47;sea;false;ocean;1
386;36;5;7;sea;false;ocean;1
387;45;23;11;sea;true;ocean;1
388;66;23;10;sea;false;ocean;1
389;42;44;0;sea;false;ocean;1
390;22;22;0;sea;false;ocean;1
391;43;8;20;sea;false;ocean;1
392;5;45;16;sea;false;ocean;1
393;17;12;65;sea;true;ocean;1
394;23;10;32;sea;false;ocean;1
395;38;48;2;sea;false;ocean;1
396;38;47;4;sea;false;ocean;1
397;36;3;60;sea;false;ocean;1
398;13;34;32;sea;false;ocean;1
399;24;9;42;sea;true;ocean;1
400;1;82;14;sea;false;ocean;1
401;4;37;0;sea;true;ocean;1
402;74;2;6;sea;false;ocean;1
403;4;10;61;sea;true;ocean;1
404;3;22;69;sea;false;ocean;1
405;56;10;25;sea;true;ocean;1
406;41;9;49;sea;false;ocean;1
407;41;3;48;sea;false;ocean;1
408;2;7;55;sea;true;ocean;1
409;9;17;1;sea;true;ocean;1
410;0;60;10;sea;false;ocean;1
411;4;1;18;sea;true;ocean;1
412;3;46;11;sea;false;ocean;1
413;1;50;0;sea;false;ocean;1
414;1;16;35;sea;true;ocean;1
415;8;30;27;sea;false;ocean;1
416;14;48;7;sea;false;ocean;1
417;12;22;10;sea;true;ocean;1
418;6;33;52;sea;false;ocean;1
419;4;31;37;sea;false;ocean;1
420;67;14;10;sea;false;ocean;1
421;39;7;41;sea;false;ocean;1
422;20;5;51;sea;false;ocean;1
423;27;54;14;sea;true;ocean;1
424;16;48;2;sea;true;ocean;1
425;18;44;35;sea;false;ocean;1
426;14;24;60;sea;true;ocean;1
427;10;81;2;sea;true;ocean;1
428;50;3;36;sea;false;ocean;1
429;39;9;18;sea;false;ocean;1
430;40;11;4;sea;false;ocean;1
431;23;12;37;sea;true;ocean;1
432;6;39;37;sea;true;ocean;1
433;25;26;47;sea;false;ocean;1
434;28;39;9;sea;false;ocean;1
435;61;5;29;sea;true;ocean;1
436;17;2;61;sea;false;ocean;1
437;18;14;30;sea;true;ocean;1
438;6;24;3;sea;true;ocean;1
439;18;26;29;sea;false;ocean;1
440;8;4;5;sea;true;ocean;1
441;14;36;20;sea;true;ocean;1
442;7;36;6;sea;false;ocean;1
443;3;34;20;sea;true;ocean;1
444;56;41;2;sea;false;ocean;1
445;12;28;45;sea;true;ocean;1
446;6;2;90;sea;false;ocean;1
447;5;67;3;sea;true;ocean;1
448;9;6;17;sea;false;ocean;1
449;13;26;36;sea;false;ocean;1
450;14;1;9;sea;false;ocean;1
451;30;53;14;sea;true;ocean;1
452;25;1;31;sea;false;ocean;1
453;50;17;0;sea;false;ocean;1
454;45;31;0;sea;false;ocean;1
455;26;34;32;sea;false;ocean;1
456;51;9;11;sea;true;ocean;1
457;36;12;51;sea;true;ocean;1
458;1;35;18;sea;false;ocean;1
459;7;1;90;sea;false;ocean;1
460;24;17;27;sea;false;ocean;1
461;16;51;20;sea;false;ocean;1
462;7;32;35;sea;true;ocean;1
463;14;32;27;sea;false;ocean;1
464;155;171;249;sea;false;ocean;1
465;53;11;20;sea;true;ocean;1
466;18;18;45;sea;true;ocean;1
467;3;3;4;sea;false;ocean;1
468;36;14;7;sea;false;ocean;1
469;18;11;46;sea;true;ocean;1
470;8;6;10;sea;false;ocean;1
471;7;55;37;sea;false;ocean;1
472;62;6;20;sea;true;ocean;1
473;10;15;29;sea;false;ocean;1
474;74;2;10;sea;false;ocean;1
475;9;5;70;sea;false;ocean;1
476;23;25;46;sea;false;ocean;1
477;0;67;1;sea;false;ocean;1
478;4;8;65;sea;true;ocean;1
479;5;6;77;sea;true;ocean;1
480;11;44;15;sea;false;ocean;1
481;25;40;19;sea;false;ocean;1
482;162;119;239;sea;false;ocean;1
483;9;43;7;sea;true;ocean;1
484;9;14;11;sea;true;ocean;1
485;24;14;34;sea;true;ocean;1
486;18;35;14;sea;false;ocean;1
487;36;47;5;sea;false;ocean;1
488;50;30;12;sea;true;ocean;1
489;23;6;16;sea;true;ocean;1
490;27;21;43;sea;false;ocean;1
491;52;12;27;sea;true;ocean;1
492;40;40;5;sea;false;ocean;1
493;59;9;4;sea;false;ocean;1
494;1;60;31;sea;false;ocean;1
495;23;17;43;sea;false;ocean;1
496;133;136;232;sea;false;ocean;1
497;66;11;18;sea;false;ocean;1
498;37;28;3;sea;false;ocean;1
499;85;29;10;sea;true;ocean;1
500;47;3;27;sea;true;ocean;1
501;69;11;9;sea;true;ocean;1
502;60;10;12;sea;true;ocean;1
503;12;10;49;sea;false;ocean;1
504;63;8;4;sea;false;ocean;1
505;14;45;1;sea;false;ocean;1
506;30;17;26;sea;false;ocean;1
507;1;19;26;sea;false;ocean;1
508;0;32;31;sea;true;ocean;1
509;4;74;11;sea;false;ocean;1
510;39;20;21;sea;false;ocean;1
511;16;43;2;sea;true;ocean;1
512;5;11;34;sea;false;ocean;1
513;9;15;65;sea;false;ocean;1
514;2;0;11;sea;false;ocean;1
515;34;21;34;sea;true;ocean;1
516;1;13;7;sea;true;ocean;1
517;10;2;9;sea;false;ocean;1
518;32;60;4;sea;false;ocean;1
519;10;3;56;sea;false;ocean;1
520;25;5;23;sea;false;ocean;1
521;57;9;13;sea;true;ocean;1
522;7;51;20;sea;false;ocean;1
523;23;5;39;sea;false;ocean;1
524;31;39;28;sea;false;ocean;1
525;24;12;12;sea;true;ocean;1
526;6;48;37;sea;false;ocean;1
527;31;16;14;sea;true;ocean;1
528;61;29;1;sea;false;ocean;1
529;0;55;34;sea;false;ocean;1
530;7;67;8;sea;false;ocean;1
531;3;8;56;sea;false;ocean;1
532;12;28;46;sea;false;ocean;1
533;26;62;2;sea;false;ocean;1
534;21;74;1;sea;false;ocean;1
535;86;5;0;sea;false;ocean;1
536;11;36;31;sea;false;ocean;1
537;6;21;35;sea;false;ocean;1
538;6;14;18;sea;false;ocean;1
539;6;41;7;sea;false;ocean;1
540;72;14;0;sea;false;ocean;1
541;48;1;7;sea;false;ocean;1
542;16;59;10;sea;true;ocean;1
543;16;7;47;sea;true;ocean;1
544;22;36;15;sea;false;ocean;1
545;59;21;10;sea;false;ocean;1
546;37;33;16;sea;true;ocean;1
547;41;24;24;sea;false;ocean;1
548;0;4;42;sea;false;ocean;1
549;12;3;74;sea;false;ocean;1
550;7;65;13;sea;false;ocean;1
551;5;20;20;sea;false;ocean;1
552;33;48;5;sea;true;ocean;1
553;12;24;2;sea;true;ocean;1
554;6;23;34;sea;true;ocean;1
555;57;26;1;sea;false;ocean;1
556;21;13;31;sea;false;ocean;1
557;4;60;32;sea;true;ocean;1
558;17;44;34;sea;false;ocean;1
559;50;39;2;sea;false;ocean;1
560;21;0;19;sea;true;ocean;1
561;53;32;13;sea;true;ocean;1
562;6;28;23;sea;false;ocean;1
563;11;47;30;sea;false;ocean;1
564;12;32;10;sea;false;ocean;1
565;64;22;10;sea;false;ocean;1
566;28;50;10;sea;false;ocean;1
567;45;37;13;sea;false;ocean;1
568;12;75;1;sea;false;ocean;1
569;8;9;22;sea;true;ocean;1
570;73;13;6;sea;true;ocean;1
571;13;26;38;sea;false;ocean;1
572;18;50;19;sea;false;ocean;1
573;26;12;33;sea;false;ocean;1
574;36;41;17;sea;false;ocean;1
575;21;2;20;sea;false;ocean;1
576;15;13;5;sea;false;ocean;1
577;7;20;60;sea;false;ocean;1
578;50;7;20;sea;false;ocean;1
579;30;6;29;sea;false;ocean;1
580;55;20;0;sea;false;ocean;1
581;15;25;53;sea;false;ocean;1
582;29;33;31;sea;false;ocean;1
583;50;12;32;sea;false;ocean;1
584;53;2;21;sea;false;ocean;1
585;38;32;11;sea;false;ocean;1
586;16;24;8;sea;true;ocean;1
587;27;1;3;sea;false;ocean;1
588;2;37;51;sea;false;ocean;1
589;20;21;37;sea;false;ocean;1
590;28;10;49;sea;true;ocean;1
591;76;20;2;sea;false;ocean;1
592;9;11;66;sea;false;ocean;1
593;24;8;10;sea;false;ocean;1
594;3;63;32;sea;true;ocean;1
595;7;59;20;sea;false;ocean;1
596;25;29;5;sea;false;ocean;1
597;10;79;1;sea;true;ocean;1
598;3;78;12;sea;false;ocean;1
599;0;3;55;sea;true;ocean;1
600;45;11;43;sea;false;ocean;1
601;10;68;13;sea;false;ocean;1
602;53;8;1;sea;true;ocean;1
603;11;55;12;sea;false;ocean;1
604;14;47;26;sea;false;ocean;1
605;10;20;14;sea;false;ocean;1
606;4;7;37;sea;false;ocean;1
607;4;8;58;sea;false;ocean;1
608;19;40;13;sea;true;ocean;1
609;64;12;7;sea;true;ocean;1
610;0;67;4;sea;true;ocean;1
611;24;1;7;sea;false;ocean;1
612;1;59;17;sea;true;ocean;1
613;34;17;21;sea;false;ocean;1
614;7;6;0;sea;false;ocean;1
615;79;8;7;sea;true;ocean;1
616;33;9;3;sea;false;ocean;1
617;30;18;23;sea;false;ocean;1
618;64;33;1;sea;false;ocean;1
619;3;1;23;sea;true;ocean;1
620;15;25;45;sea;false;ocean;1
621;68;9;14;sea;true;ocean;1
622;7;21;30;sea;true;ocean;1
623;12;45;19;sea;true;ocean;1
624;35;48;11;sea;false;ocean;1
625;12;13;50;sea;false;ocean;1
626;16;31;37;sea;false;ocean;1
627;4;82;10;sea;true;ocean;1
628;14;70;13;sea;true;ocean;1
629;20;68;6;sea;false;ocean;1
630;48;40;6;sea;false;ocean;1
631;50;8;6;sea;true;ocean;1
632;69;21;3;sea;false;ocean;1
633;21;0;9;sea;false;ocean;1
634;30;45;8;sea;false;ocean;1
635;30;7;42;sea;true;ocean;1
636;3;30;28;sea;false;ocean;1
637;22;7;60;sea;false;ocean;1
638;14;33;15;sea;false;ocean;1
639;11;61;11;sea;true;ocean;1
640;27;1;67;sea;false;ocean;1
641;33;54;9;sea;false;ocean;1
642;4;7;52;sea;true;ocean;1
643;5;11;1;sea;true;ocean;1
644;52;22;15;sea;false;ocean;1
645;5;16;53;sea;true;ocean;1
646;1;40;3;sea;true;ocean;1
647;63;21;3;sea;false;ocean;1
648;43;17;35;sea;false;ocean;1
649;36;24;41;sea;true;ocean;1
650;16;17;50;sea;true;ocean;1
651;5;17;26;sea;true;ocean;1
652;3;31;55;sea;false;ocean;1
653;8;85;4;sea;true;ocean;1
654;13;36;20;sea;true;ocean;1
655;13;18;55;sea;false;ocean;1
656;36;21;1;sea;false;ocean;1
657;16;2;16;sea;false;ocean;1
658;12;31;26;sea;false;ocean;1
659;23;21;45;sea;false;ocean;1
660;30;15;11;sea;true;ocean;1
661;9;83;6;sea;true;ocean;1
662;7;53;23;sea;false;ocean;1
663;38;13;13;sea;true;ocean;1
664;13;0;41;sea;false;ocean;1
665;62;24;4;sea;true;ocean;1
666;7;3;73;sea;true;ocean;1
667;17;42;26;sea;true;ocean;1
668;8;22;25;sea;false;ocean;1
669;27;47;20;sea;false;ocean;1
670;11;29;34;sea;false;ocean;1
671;1;15;74;sea;true;ocean;1
672;62;23;13;sea;false;ocean;1
673;52;3;30;sea;false;ocean;1
674;26;5;13;sea;false;ocean;1
675;50;22;17;sea;false;ocean;1
676;11;80;8;sea;true;ocean;1
677;39;55;3;sea;false;ocean;1
678;27;15;55;sea;false;ocean;1
679;15;42;30;sea;true;ocean;1
680;45;42;5;sea;false;ocean;1
681;5;70;23;sea;false;ocean;1
682;40;48;1;sea;true;ocean;1
683;28;34;33;sea;false;ocean;1
684;37;32;28;sea;false;ocean;1
685;5;14;0;sea;false;ocean;1
686;42;9;28;sea;false;ocean;1
687;5;1;59;sea;false;ocean;1
688;72;13;4;sea;false;ocean;1
689;32;14;14;sea;true;ocean;1
690;0;15;8;sea;false;ocean;1
691;20;28;39;sea;false;ocean;1
692;61;39;31;sea;true;ocean;1
693;61;5;2;sea;true;ocean;1
694;20;32;43;sea;false;ocean;1
695;30;56;9;sea;false;ocean;1
696;34;19;2;sea;false;ocean;1
697;1;85;8;sea;false;ocean;1
698;5;26;42;sea;false;ocean;1
699;26;6;0;sea;false;ocean;1
700;35;23;23;sea;false;ocean;1
701;26;8;19;sea;false;ocean;1
702;16;44;33;sea;false;ocean;1
703;25;2;49;sea;false;ocean;1
704;33;5;19;sea;false;ocean;1
705;23;3;42;sea;false;ocean;1
706;23;12;25;sea;true;ocean;1
707;3;24;25;sea;false;ocean;1
708;22;12;33;sea;false;ocean;1
709;42;8;14;sea;false;ocean;1
710;41;3;26;sea;false;ocean;1
711;82;5;7;sea;false;ocean;1
712;26;30;23;sea;false;ocean;1
713;26;37;19;sea;true;ocean;1
714;47;17;4;sea;false;ocean;1
715;23;25;34;sea;false;ocean;1
716;33;49;16;sea;false;ocean;1
717;5;8;14;sea;false;ocean;1
718;50;6;24;sea;false;ocean;1
719;28;8;61;sea;false;ocean;1
720;39;3;5;sea;false;ocean;1
721;44;27;20;sea;false;ocean;1
722;43;14;41;sea;false;ocean;1
723;22;13;16;sea;false;ocean;1
724;19;29;24;sea;false;ocean;1
725;5;17;20;sea;false;ocean;1
726;15;47;29;sea;false;ocean;1
727;43;38;3;sea;false;ocean;1
728;71;17;8;sea;false;ocean;1
729;16;52;9;sea;false;ocean;1
730;62;27;1;sea;false;ocean;1
731;13;25;13;sea;false;ocean;1
732;28;54;10;sea;true;ocean;1
733;40;55;1;sea;false;ocean;1
734;23;42;15;sea;false;ocean;1
735;22;56;7;sea;false;ocean;1
736;59;3;33;sea;false;ocean;1
737;42;27;2;sea;false;ocean;1
738;0;71;21;sea;false;ocean;1
739;4;20;65;sea;false;ocean;1
740;35;9;38;sea;false;ocean;1
741;5;15;33;sea;true;ocean;1
742;55;42;2;sea;false;ocean;1
743;6;16;5;sea;true;ocean;1
744;12;54;11;sea;false;ocean;1
745;18;68;6;sea;false;ocean;1
746;2;91;6;sea;false;ocean;1
747;17;51;10;sea;false;ocean;1
748;38;8;17;sea;false;ocean;1
749;28;11;41;sea;false;ocean;1
750;3;48;19;sea;false;ocean;1
751;15;41;6;sea;false;ocean;1
752;30;23;8;sea;false;ocean;1
753;3;53;5;sea;false;ocean;1
754;58;30;5;sea;false;ocean;1
755;3;34;0;sea;false;ocean;1
756;18;47;5;sea;false;ocean;1
757;2;52;22;sea;true;ocean;1
758;1;17;50;sea;false;ocean;1
759;66;0;32;sea;false;ocean;1
760;30;3;53;sea;false;ocean;1
761;1;3;4;sea;false;ocean;1
762;24;25;27;sea;false;ocean;1
763;6;5;36;sea;true;ocean;1
764;18;33;33;sea;false;ocean;1
765;45;16;25;sea;false;ocean;1
766;22;7;68;sea;false;ocean;1
767;12;4;74;sea;false;ocean;1
768;40;3;29;sea;false;ocean;1
769;0;41;25;sea;false;ocean;1
770;28;14;13;sea;false;ocean;1
771;13;0;54;sea;true;ocean;1
772;26;39;26;sea;false;ocean;1
773;32;14;40;sea;false;ocean;1
774;34;18;46;sea;false;ocean;1
775;0;13;73;sea;false;ocean;1
776;12;42;45;sea;false;ocean;1
777;24;6;14;sea;false;ocean;1
778;66;6;1;sea;false;ocean;1
779;15;24;6;sea;false;ocean;1
780;58;1;31;sea;true;ocean;1
781;50;7;8;sea;false;ocean;1
782;32;29;23;sea;false;ocean;1
783;10;26;3;sea;false;ocean;1
784;20;0;44;sea;false;ocean;1
785;22;18;23;sea;false;ocean;1
786;28;2;56;sea;false;ocean;1
787;56;44;22;sea;true;ocean;1
788;56;15;10;sea;false;ocean;1
789;11;68;67;sea;true;ocean;1
790;34;41;2;sea;false;ocean;1
791;14;20;8;sea;false;ocean;1
792;38;35;0;sea;false;ocean;1
793;35;76;30;sea;false;ocean;1
794;12;26;52;sea;true;ocean;1
795;10;39;16;sea;false;ocean;1
796;9;68;12;sea;false;ocean;1
797;46;22;14;sea;true;ocean;1
798;66;5;14;sea;false;ocean;1
799;35;11;45;sea;false;ocean;1
800;75;16;6;sea;false;ocean;1
801;2;17;23;sea;false;ocean;1
802;27;0;67;sea;false;ocean;1
803;50;31;7;sea;false;ocean;1
804;0;22;27;sea;false;ocean;1
805;42;10;29;sea;false;ocean;1
806;8;35;6;sea;false;ocean;1
807;22;56;14;sea;true;ocean;1
808;40;14;17;sea;false;ocean;1
809;35;12;20;sea;false;ocean;1
810;36;26;22;sea;false;ocean;1
811;0;25;19;sea;false;ocean;1
812;20;19;51;sea;false;ocean;1
813;38;35;12;sea;false;ocean;1
814;23;12;23;sea;false;ocean;1
815;26;23;26;sea;false;ocean;1
816;9;49;27;sea;false;ocean;1
817;43;14;34;sea;false;ocean;1
818;21;36;25;sea;false;ocean;1
819;19;19;42;sea;false;ocean;1
820;2;31;29;sea;false;ocean;1
821;26;9;41;sea;true;ocean;1
822;25;11;59;sea;false;ocean;1
823;78;2;14;sea;false;ocean;1
824;33;25;16;sea;false;ocean;1
825;18;1;74;sea;false;ocean;1
826;41;37;19;sea;true;ocean;1
827;8;68;17;sea;false;ocean;1
828;64;15;18;sea;false;ocean;1
829;6;42;29;sea;false;ocean;1
830;12;2;52;sea;false;ocean;1
831;3;17;71;sea;true;ocean;1
832;16;8;14;sea;false;ocean;1
833;34;3;5;sea;false;ocean;1
834;28;42;70;sea;true;ocean;1
835;33;23;41;sea;false;ocean;1
836;56;4;0;sea;false;ocean;1
837;4;21;20;sea;false;ocean;1
838;9;11;75;sea;false;ocean;1
839;33;37;0;sea;false;ocean;1
840;5;17;30;sea;false;ocean;1
841;35;22;9;sea;false;ocean;1
842;13;32;38;sea;false;ocean;1
843;30;4;32;sea;false;ocean;1
844;42;14;36;sea;true;ocean;1
845;22;48;11;sea;false;ocean;1
846;28;33;29;sea;false;ocean;1
847;35;25;20;sea;false;ocean;1
848;35;30;6;sea;false;ocean;1
849;43;10;35;sea;false;ocean;1
850;33;43;15;sea;false;ocean;1
851;1;47;46;sea;false;ocean;1
852;9;26;39;sea;true;ocean;1
853;23;24;32;sea;false;ocean;1
854;4;28;34;sea;false;ocean;1
855;23;9;25;sea;false;ocean;1
856;2;5;57;sea;false;ocean;1
857;9;60;9;sea;false;ocean;1
858;35;0;36;sea;true;ocean;1
859;31;4;21;sea;false;ocean;1
860;26;28;30;sea;false;ocean;1
861;29;13;22;sea;false;ocean;1
862;17;32;15;sea;false;ocean;1
863;25;40;25;sea;false;ocean;1
864;0;37;55;sea;false;ocean;1
865;9;50;22;sea;false;ocean;1
866;7;53;30;sea;false;ocean;1
867;2;29;23;sea;false;ocean;1
868;12;28;19;sea;false;ocean;1
869;20;15;57;sea;false;ocean;1
870;21;26;38;sea;false;ocean;1
871;34;6;33;sea;false;ocean;1
872;15;14;58;sea;false;ocean;1
873;3;27;15;sea;true;ocean;1
874;5;45;17;sea;false;ocean;1
875;77;11;17;sea;true;ocean;1
876;22;11;3;sea;false;ocean;1
877;1;26;36;sea;false;ocean;1
878;53;5;19;sea;false;ocean;1
879;0;46;51;sea;false;ocean;1
880;25;18;55;sea;true;ocean;1
881;7;2;80;sea;false;ocean;1
882;13;45;31;sea;false;ocean;1
883;11;16;55;sea;false;ocean;1
884;1;4;85;sea;false;ocean;1
885;42;6;25;sea;false;ocean;1
886;31;19;12;sea;false;ocean;1
887;4;4;31;sea;true;ocean;1
888;5;0;43;sea;false;ocean;1
889;5;66;27;sea;false;ocean;1
890;30;20;39;sea;false;ocean;1
891;54;31;1;sea;true;ocean;1
892;3;15;62;sea;false;ocean;1
893;63;5;17;sea;false;ocean;1
894;78;3;68;sea;true;ocean;1
895;33;9;27;sea;false;ocean;1
896;27;46;13;sea;false;ocean;1
897;54;32;1;sea;false;ocean;1
898;20;12;0;sea;false;ocean;1
899;0;26;5;sea;false;ocean;1
900;20;2;15;sea;true;ocean;1
901;15;1;68;sea;false;ocean;1
902;14;0;31;sea;false;ocean;1
903;42;1;13;sea;false;ocean;1
904;12;4;12;sea;false;ocean;1
905;49;0;45;sea;false;ocean;1
906;43;33;4;sea;false;ocean;1
907;22;15;25;sea;false;ocean;1
908;64;18;10;sea;false;ocean;1
909;57;5;32;sea;false;ocean;1
910;26;33;15;sea;false;ocean;1
911;6;6;47;sea;true;ocean;1
912;23;24;16;sea;false;ocean;1
913;11;72;7;sea;false;ocean;1
914;13;71;3;sea;true;ocean;1
915;1;2;88;sea;false;ocean;1
916;63;0;27;sea;false;ocean;1
917;3;36;41;sea;false;ocean;1
918;4;61;19;sea;false;ocean;1
919;22;58;14;sea;true;ocean;1
920;38;9;45;sea;false;ocean;1
921;43;50;3;sea;false;ocean;1
922;1;37;41;sea;false;ocean;1
923;8;15;14;sea;false;ocean;1
924;51;13;32;sea;false;ocean;1
925;45;16;11;sea;false;ocean;1
926;28;3;20;sea;false;ocean;1
927;22;53;20;sea;false;ocean;1
928;10;10;59;sea;false;ocean;1
929;4;74;3;sea;false;ocean;1
930;10;37;7;sea;true;ocean;1
931;6;3;40;sea;false;ocean;1
932;4;1;60;sea;true;ocean;1
933;71;7;3;sea;true;ocean;1
934;41;6;19;sea;false;ocean;1
935;3;60;10;sea;false;ocean;1
936;15;0;19;sea;false;ocean;1
937;18;33;36;sea;false;ocean;1
938;1;2;63;sea;false;ocean;1
939;22;39;19;sea;true;ocean;1
940;47;15;30;sea;false;ocean;1
941;6;8;67;sea;true;ocean;1
942;48;33;10;sea;false;ocean;1
943;20;48;28;sea;true;ocean;1
944;50;18;22;sea;true;ocean;1
945;4;61;14;sea;false;ocean;1
946;16;17;26;sea;false;ocean;1
947;27;7;11;sea;false;ocean;1
948;35;31;29;sea;false;ocean;1
949;31;28;18;sea;true;ocean;1
950;3;49;35;sea;true;ocean;1
951;31;60;6;sea;false;ocean;1
952;13;56;5;sea;false;ocean;1
953;85;11;0;sea;false;ocean;1
954;7;29;17;sea;false;ocean;1
955;13;49;1;sea;false;ocean;1
956;56;27;4;sea;true;ocean;1
957;3;3;61;sea;false;ocean;1
958;71;13;5;sea;true;ocean;1
959;36;17;13;sea;false;ocean;1
960;31;4;27;sea;false;ocean;1
961;0;8;90;sea;false;ocean;1
962;56;32;9;sea;true;ocean;1
963;6;52;15;sea;true;ocean;1
964;12;68;13;sea;false;ocean;1
965;5;37;28;sea;true;ocean;1
966;22;4;59;sea;false;ocean;1
967;17;69;8;sea;false;ocean;1
968;33;3;60;sea;false;ocean;1
969;64;16;0;sea;true;ocean;1
970;0;30;5;sea;false;ocean;1
971;1;47;25;sea;false;ocean;1
972;10;15;68;sea;true;ocean;1
973;4;14;58;sea;true;ocean;1
974;5;23;7;sea;true;ocean;1
975;11;6;81;sea;false;ocean;1
976;23;7;44;sea;false;ocean;1
977;14;42;37;sea;true;ocean;1
978;13;21;35;sea;true;ocean;1
979;25;34;12;sea;true;ocean;1
980;5;23;18;sea;true;ocean;1
981;40;28;2;sea;true;ocean;1
982;44;12;8;sea;true;ocean;1
983;4;31;33;sea;false;ocean;1
984;24;25;25;sea;true;ocean;1
985;0;13;43;sea;true;ocean;1
986;17;1;75;sea;false;ocean;1
987;46;25;7;sea;true;ocean;1
988;64;24;2;sea;true;ocean;1
989;47;19;2;sea;true;ocean;1
990;31;3;26;sea;false;ocean;1
991;33;51;10;sea;true;ocean;1
992;39;30;14;sea;false;ocean;1
993;12;25;9;sea;false;ocean;1
994;13;27;3;sea;true;ocean;1
995;13;82;0;sea;true;ocean;1
996;13;38;46;sea;true;ocean;1
997;50;2;6;sea;false;ocean;1
998;6;3;81;sea;false;ocean;1
999;52;8;1;sea;false;ocean;1
1000;23;42;14;sea;false;ocean;1
1001;14;6;33;sea;true;ocean;1
1002;0;4;74;sea;true;ocean;1
1003;30;56;7;sea;true;ocean;1
1004;0;4;78;sea;true;ocean;1
1005;13;7;14;sea;false;ocean;1
1006;20;19;34;sea;true;ocean;1
1007;30;43;21;sea;false;ocean;1
1008;2;17;1;sea;false;ocean;1
1009;53;13;24;sea;false;ocean;1
1010;26;27;4;sea;false;ocean;1
1011;52;36;11;sea;true;ocean;1
1012;23;23;41;sea;false;ocean;1
1013;9;30;29;sea;false;ocean;1
1014;23;50;10;sea;false;ocean;1
1015;20;18;48;sea;false;ocean;1
1016;36;23;38;sea;false;ocean;1
1017;1;80;4;sea;true;ocean;1
1018;15;70;12;sea;false;ocean;1
1019;2;15;71;sea;false;ocean;1
1020;2;42;6;sea;true;ocean;1
1021;26;0;18;sea;false;ocean;1
1022;28;29;31;sea;true;ocean;1
1023;44;47;4;sea;true;ocean;1
1024;28;29;39;sea;true;ocean;1
1025;14;48;4;sea;false;ocean;1
1026;7;49;25;sea;true;ocean;1
1027;35;15;16;sea;false;ocean;1
1028;23;6;36;sea;false;ocean;1
1029;8;43;17;sea;true;ocean;1
1030;67;15;9;sea;false;ocean;1
1031;4;35;17;sea;false;ocean;1
1032;26;3;39;sea;false;ocean;1
1033;0;18;30;sea;false;ocean;1
1034;38;18;34;sea;false;ocean;1
1035;15;16;38;sea;false;ocean;1
1036;16;23;16;sea;true;ocean;1
1037;46;29;24;sea;true;ocean;1
1038;36;31;15;sea;true;ocean;1
1039;6;71;8;sea;false;ocean;1
1040;22;54;23;sea;false;ocean;1
1041;47;45;192;land;true;plains;1
1042;24;21;220;land;true;plains;1
1043;190;89;55;land;true;plains;1
1044;100;69;43;land;true;plains;1
1045;233;84;51;land;true;plains;1
1046;120;145;221;land;true;plains;1
1047;239;37;37;land;true;plains;1
1048;61;102;222;land;true;plains;1
1049;151;89;35;land;true;plains;1
1050;192;49;17;land;true;plains;1
1051;94;109;154;land;true;plains;1
1052;52;81;168;land;true;plains;1
1053;189;119;57;land;true;plains;1
1054;49;96;235;land;true;plains;1
1055;84;121;234;land;true;plains;1
1056;114;33;14;land;true;plains;1
1057;28;61;161;land;true;plains;1
1058;78;109;203;land;true;plains;1
1059;96;144;33;land;true;plains;1
1060;110;43;21;land;true;plains;1
1061;172;56;30;land;true;plains;1
1062;29;60;154;land;true;plains;1
1063;76;109;208;land;true;plains;1
1064;110;176;100;land;true;plains;1
1065;67;82;128;land;true;plains;1
1066;114;181;28;land;true;plains;1
1067;127;55;39;land;true;plains;1
1068;85;122;65;land;true;plains;1
1069;97;126;215;land;true;plains;1
1070;133;90;76;land;true;plains;1
1071;75;96;161;land;false;plains;1
1072;24;72;214;land;true;plains;1
1073;62;141;20;land;true;plains;1
1074;121;182;88;land;true;plains;1
1075;65;196;45;land;true;plains;1
1076;112;171;81;land;true;plains;1
1077;79;174;28;land;true;plains;1
1078;108;192;62;land;true;plains;1
1079;56;183;37;land;true;plains;1
1080;126;80;80;land;true;plains;1
1081;97;115;170;land;true;plains;1
1082;63;124;30;land;true;plains;1
1083;83;150;47;land;true;plains;1
1084;149;200;122;land;true;plains;1
1085;151;221;59;land;true;plains;1
1086;95;135;255;land;true;plains;1
1087;56;94;208;land;true;plains;1
1088;45;165;27;land;true;plains;1
1089;199;121;121;land;true;plains;1
1090;58;80;147;land;true;plains;1
1091;62;103;226;land;true;plains;1
1092;206;74;74;land;true;plains;1
1093;123;13;13;land;true;plains;1
1094;228;13;13;land;true;plains;1
1095;53;114;44;land;true;plains;1
1096;47;159;30;land;true;plains;1
1097;91;200;74;land;true;plains;1
1098;200;36;36;land;true;plains;1
1099;157;22;22;land;true;plains;1
1100;194;82;82;land;true;plains;1
1101;207;125;125;land;true;plains;1
1102;219;72;72;land;true;plains;1
1103;119;58;58;land;false;plains;1
1104;224;47;47;land;true;plains;1
1105;148;255;132;land;true;plains;1
1106;98;62;62;land;true;plains;1
1107;126;119;49;land;true;plains;1
1108;151;61;61;land;false;plains;1
1109;99;217;81;land;true;plains;1
1110;164;38;38;land;false;plains;1
1111;102;40;40;land;true;plains;1
1112;218;184;44;land;true;plains;1
1113;155;55;55;land;false;plains;1
1114;226;210;64;land;true;plains;1
1115;51;241;22;land;true;plains;1
1116;210;43;43;land;false;plains;1
1117;218;200;100;land;true;plains;1
1118;189;175;44;land;true;plains;1
1119;230;123;62;land;true;plains;1
1120;211;184;76;land;false;plains;1
1121;173;73;73;land;false;plains;1
1122;56;178;38;land;true;plains;1
1123;174;159;21;land;true;plains;1
1124;217;195;104;land;true;plains;1
1125;162;76;27;land;false;plains;1
1126;224;190;53;land;true;plains;1
1127;190;91;33;land;true;plains;1
1128;172;143;27;land;false;plains;1
1129;176;170;109;land;true;plains;1
1130;200;140;105;land;false;plains;1
1131;130;105;5;land;false;plains;1
1132;124;90;70;land;false;plains;1
1133;215;195;115;land;true;plains;1
1134;181;138;113;land;false;plains;1
1135;221;149;107;land;true;plains;1
1136;175;122;91;land;false;plains;1
1137;191;235;134;land;true;plains;1
1138;255;225;105;land;false;plains;1
1139;255;204;0;land;false;plains;1
1140;8;129;140;land;true;plains;1
1141;161;84;39;land;false;plains;1
1142;222;209;157;land;true;plains;1
1143;186;122;85;land;false;plains;1
1144;160;142;70;land;false;plains;1
1145;41;153;164;land;true;plains;1
1146;108;126;85;land;false;plains;1
1147;255;246;211;land;false;plains;1
1148;63;113;118;land;true;plains;1
1149;165;230;81;land;true;plains;1
1150;134;187;66;land;false;plains;1
1151;160;154;132;land;true;plains;1
1152;167;137;13;land;false;plains;1
1153;208;184;91;land;false;plains;1
1154;129;173;71;land;false;plains;1
1155;130;230;239;land;true;plains;1
1156;204;193;149;land;false;plains;1
1157;120;185;35;land;true;plains;1
1158;104;193;201;land;true;plains;1
1159;110;201;103;land;false;plains;1
1160;127;117;77;land;true;plains;1
1161;106;148;103;land;false;plains;1
1162;217;190;82;land;false;plains;1
1163;54;230;42;land;false;plains;1
1164;86;217;228;land;true;plains;1
1165;16;191;182;land;false;plains;1
1166;23;171;185;land;true;plains;1
1167;120;227;222;land;false;plains;1
1168;127;233;242;land;true;plains;1
1169;147;127;44;land;true;plains;1
1170;160;230;68;land;true;plains;1
1171;126;217;119;land;false;plains;1
1172;129;208;123;land;false;plains;1
1173;46;131;184;land;true;plains;1
1174;50;181;41;land;false;plains;1
1175;125;165;74;land;false;plains;1
1176;39;142;137;land;false;plains;1
1177;12;95;147;land;true;plains;1
1178;125;191;38;land;true;plains;1
1179;53;94;219;land;true;plains;1
1180;115;195;191;land;true;plains;1
1181;130;184;181;land;false;plains;1
1182;67;169;214;land;true;plains;1
1183;75;192;67;land;true;plains;1
1184;105;170;20;land;true;plains;1
1185;32;75;204;land;true;plains;1
1186;221;205;59;land;true;plains;1
1187;73;156;67;land;true;plains;1
1188;41;196;29;land;true;plains;1
1189;38;233;223;land;true;plains;1
1190;117;106;12;land;true;plains;1
1191;139;128;30;land;true;plains;1
1192;19;73;234;land;true;plains;1
1193;30;133;23;land;true;plains;1
1194;22;153;209;land;true;plains;1
1195;22;89;18;land;true;plains;1
1196;163;154;81;land;true;plains;1
1197;181;224;124;land;true;plains;1
1198;84;110;187;land;true;plains;1
1199;43;207;199;land;true;plains;1
1200;169;162;101;land;true;plains;1
1201;52;97;116;land;true;plains;1
1202;206;192;62;land;true;plains;1
1203;75;144;141;land;false;plains;1
1204;220;201;34;land;true;plains;1
1205;116;150;148;land;true;plains;1
1206;99;126;210;land;true;plains;1
1207;71;112;233;land;true;plains;1
1208;72;108;214;land;true;plains;1
1209;57;99;54;land;true;plains;1
1210;127;186;183;land;true;plains;1
1211;89;112;191;land;true;plains;1
1212;131;154;221;land;true;plains;1
1213;93;126;228;land;true;plains;1
1214;22;144;215;land;true;plains;1
1215;43;106;142;land;true;plains;1
1216;113;126;166;land;true;plains;1
1217;11;108;165;land;true;plains;1
1218;120;133;169;land;false;plains;1
1219;13;112;154;land;true;plains;1
1220;130;172;196;land;true;plains;1
1221;166;209;207;land;true;plains;1
1222;88;115;193;land;true;plains;1
1223;115;139;211;land;true;plains;1
1224;100;208;255;land;true;plains;1
1225;106;116;147;land;true;plains;1
1226;103;212;206;land;false;plains;1
1227;25;53;135;land;true;plains;1
1228;33;69;175;land;true;plains;1
1229;162;241;237;land;true;plains;1
1230;125;149;222;land;true;plains;1
1231;123;158;173;land;true;plains;1
1232;53;97;227;land;true;plains;1
1233;51;87;192;land;false;plains;1
1234;136;180;206;land;true;plains;1
1235;79;152;194;land;true;plains;1
1236;94;119;193;land;true;plains;1
1237;141;149;174;land;true;plains;1
1238;37;205;197;land;true;plains;1
1239;79;142;178;land;true;plains;1
1240;113;168;200;land;true;plains;1
1241;12;156;240;land;true;plains;1
1242;60;83;96;land;false;plains;1
1243;142;152;183;land;true;plains;1
1244;25;59;160;land;true;plains;1
1245;57;95;205;land;false;plains;1
1246;51;65;105;land;false;plains;1
1247;70;110;134;land;false;plains;1
1248;9;48;162;land;false;plains;1
1249;167;181;221;land;false;plains;1
1250;82;113;210;land;false;plains;1
1251;108;138;136;land;false;plains;1
1252;57;74;126;land;true;plains;1
1253;122;136;179;land;false;plains;1
1254;186;218;237;land;false;plains;1
1255;98;197;255;land;true;plains;1
1256;8;59;89;land;true;plains;1
1257;117;220;215;land;true;plains;1
1258;134;147;182;land;false;plains;1
1259;51;165;232;land;false;plains;1
1260;204;149;208;land;false;plains;1
1261;51;70;124;land;false;plains;1
1262;172;108;177;land;false;plains;1
1263;13;122;185;land;false;plains;1
1264;168;77;174;land;true;plains;1
1265;48;107;141;land;false;plains;1
1266;20;147;220;land;false;plains;1
1267;135;156;168;land;false;plains;1
1268;22;52;139;land;false;plains;1
1269;124;143;198;land;false;plains;1
1270;162;13;174;land;false;plains;1
1271;211;93;241;land;false;plains;1
1272;160;46;168;land;true;plains;1
1273;222;120;229;land;false;plains;1
1274;55;91;112;land;false;plains;1
1275;12;141;216;land;false;plains;1
1276;101;130;147;land;true;plains;1
1277;226;121;233;land;false;plains;1
1278;197;123;216;land;false;plains;1
1279;115;83;190;land;false;plains;1
1280;61;169;231;land;true;plains;1
1281;86;22;235;land;false;plains;1
1282;31;120;171;land;false;plains;1
1283;205;123;225;land;false;plains;1
1284;170;19;181;land;true;plains;1
1285;159;132;222;land;false;plains;1
1286;171;124;174;land;false;plains;1
1287;189;40;226;land;false;plains;1
1288;56;101;127;land;true;plains;1
1289;167;91;172;land;false;plains;1
1290;196;129;201;land;false;plains;1
1291;205;60;216;land;false;plains;1
1292;177;49;209;land;false;plains;1
1293;84;68;121;land;false;plains;1
1294;194;47;204;land;true;plains;1
1295;112;71;210;land;false;plains;1
1296;135;120;170;land;false;plains;1
1297;101;41;242;land;false;plains;1
1298;182;43;191;land;false;plains;1
1299;71;50;120;land;false;plains;1
1300;100;84;136;land;false;plains;1
1301;166;213;241;land;false;plains;1
1302;224;79;235;land;false;plains;1
1303;158;68;181;land;false;plains;1
1304;156;127;164;land;false;plains;1
1305;211;80;220;land;true;plains;1
1306;225;121;166;land;false;plains;1
1307;19;93;136;land;true;plains;1
1308;114;61;243;land;false;plains;1
1309;188;15;200;land;false;plains;1
1310;221;37;169;land;true;plains;1
1311;84;36;197;land;false;plains;1
1312;136;126;160;land;false;plains;1
1313;100;62;190;land;false;plains;1
1314;112;190;235;land;true;plains;1
1315;204;108;211;land;true;plains;1
1316;149;17;182;land;false;plains;1
1317;93;42;214;land;false;plains;1
1318;226;79;184;land;true;plains;1
1319;207;76;133;land;false;plains;1
1320;153;93;168;land;false;plains;1
1321;143;95;255;land;false;plains;1
1322;35;142;203;land;true;plains;1
1323;169;56;137;land;true;plains;1
1324;224;149;229;land;true;plains;1
1325;205;111;178;land;true;plains;1
1326;242;28;121;land;false;plains;1
1327;173;128;203;land;false;plains;1
1328;178;84;125;land;false;plains;1
1329;111;34;162;land;false;plains;1
1330;213;156;217;land;true;plains;1
1331;112;42;160;land;false;plains;1
1332;216;31;163;land;true;plains;1
1333;133;112;181;land;false;plains;1
1334;105;19;163;land;false;plains;1
1335;209;86;174;land;true;plains;1
1336;199;36;107;land;false;plains;1
1337;181;159;233;land;false;plains;1
1338;117;185;225;land;true;plains;1
1339;42;142;200;land;true;plains;1
1340;166;38;130;land;false;plains;1
1341;97;53;108;land;false;plains;1
1342;172;73;238;land;false;plains;1
1343;175;31;134;land;true;plains;1
1344;229;58;87;land;true;plains;1
1345;138;85;123;land;true;plains;1
1346;118;27;140;land;false;plains;1
1347;141;84;179;land;false;plains;1
1348;184;112;232;land;false;plains;1
1349;183;61;148;land;true;plains;1
1350;141;11;227;land;false;plains;1
1351;135;12;100;land;false;plains;1
1352;214;115;186;land;true;plains;1
1353;169;73;192;land;false;plains;1
1354;161;11;76;land;false;plains;1
1355;183;122;166;land;true;plains;1
1356;241;20;86;land;true;plains;1
1357;237;72;122;land;true;plains;1
1358;129;30;194;land;false;plains;1
1359;167;76;227;land;false;plains;1
1360;220;135;149;land;true;plains;1
1361;214;98;117;land;false;plains;1
1362;195;100;168;land;false;plains;1
1363;118;62;132;land;false;plains;1
1364;198;83;102;land;true;plains;1
1365;138;17;69;land;false;plains;1
1366;150;24;182;land;false;plains;1
1367;230;131;161;land;true;plains;1
1368;206;29;57;land;false;plains;1
1369;140;51;114;land;true;plains;1
1370;167;57;136;land;false;plains;1
1371;205;153;218;land;false;plains;1
1372;207;32;84;land;true;plains;1
1373;173;119;135;land;true;plains;1
1374;176;86;100;land;true;plains;1
1375;157;84;116;land;false;plains;1
1376;242;141;213;land;false;plains;1
1377;194;80;222;land;false;plains;1
1378;140;120;134;land;false;plains;1
1379;143;53;80;land;false;plains;1
1380;197;66;123;land;false;plains;1
1381;149;37;55;land;true;plains;1
1382;139;78;88;land;true;plains;1
1383;117;22;90;land;true;plains;1
1384;136;73;83;land;false;plains;1
1385;178;14;64;land;false;plains;1
1386;140;72;120;land;false;plains;1
1387;226;90;36;land;false;plains;1
1388;187;111;165;land;false;plains;1
1389;109;49;92;land;true;plains;1
1390;206;118;83;land;false;plains;1
1391;144;20;57;land;false;plains;1
1392;129;17;35;land;true;plains;1
1393;231;181;161;land;false;plains;1
1394;139;23;106;land;false;plains;1
1395;207;78;27;land;false;plains;1
1396;183;96;122;land;false;plains;1
1397;128;74;83;land;true;plains;1
1398;135;51;18;land;false;plains;1
1399;212;22;52;land;false;plains;1
1400;134;11;99;land;true;plains;1
1401;207;98;116;land;true;plains;1
1402;136;62;115;land;false;plains;1
1403;150;12;34;land;true;plains;1
1404;217;85;125;land;true;plains;1
1405;228;37;69;land;true;plains;1
1406;157;97;74;land;false;plains;1
1407;154;71;38;land;false;plains;1
1408;169;93;105;land;true;plains;1
1409;226;88;33;land;false;plains;1
1410;206;165;29;land;true;plains;1
1411;226;165;141;land;false;plains;1
1412;220;190;90;land;false;plains;1
1413;134;76;85;land;true;plains;1
1414;141;111;120;land;false;plains;1
1415;151;9;32;land;true;plains;1
1416;130;30;46;land;true;plains;1
1417;252;142;99;land;false;plains;1
1418;216;126;90;land;false;plains;1
1419;183;12;39;land;true;plains;1
1420;190;136;115;land;false;plains;1
1421;230;140;155;land;true;plains;1
1422;182;75;33;land;false;plains;1
1423;146;65;78;land;true;plains;1
1424;118;25;53;land;false;plains;1
1425;194;176;117;land;true;plains;1
1426;197;73;23;land;false;plains;1
1427;219;176;31;land;false;plains;1
1428;169;25;48;land;true;plains;1
1429;206;141;115;land;false;plains;1
1430;207;153;132;land;true;plains;1
1431;182;84;100;land;false;plains;1
1432;195;140;149;land;true;plains;1
1433;243;219;140;land;true;plains;1
1434;210;41;68;land;true;plains;1
1435;196;155;19;land;false;plains;1
1436;239;211;122;land;false;plains;1
1437;162;85;55;land;false;plains;1
1438;168;102;76;land;true;plains;1
1439;242;196;41;land;true;plains;1
1440;176;98;68;land;false;plains;1
1441;99;62;68;land;true;plains;1
1442;136;6;27;land;true;plains;1
1443;181;70;26;land;false;plains;1
1444;182;160;86;land;true;plains;1
1445;96;44;52;land;false;plains;1
1446;172;151;79;land;false;plains;1
1447;199;95;54;land;false;plains;1
1448;172;88;55;land;false;plains;1
1449;106;83;8;land;false;plains;1
1450;164;217;30;land;true;plains;1
1451;242;90;114;land;true;plains;1
1452;197;154;12;land;true;plains;1
1453;228;188;63;land;false;plains;1
1454;185;82;41;land;false;plains;1
1455;212;190;117;land;false;plains;1
1456;102;30;2;land;false;plains;1
1457;215;176;161;land;false;plains;1
1458;221;174;17;land;false;plains;1
1459;95;183;250;land;false;plains;1
1460;181;208;115;land;true;plains;1
1461;110;134;49;land;false;plains;1
1462;255;164;246;land;true;plains;1
1463;129;112;57;land;false;plains;1
1464;192;146;128;land;false;plains;1
1465;194;220;128;land;true;plains;1
1466;226;99;214;land;true;plains;1
1467;238;206;100;land;false;plains;1
1468;192;242;66;land;false;plains;1
1469;133;106;18;land;false;plains;1
1470;166;116;96;land;false;plains;1
1471;163;47;151;land;false;plains;1
1472;152;196;40;land;true;plains;1
1473;239;95;39;land;false;plains;1
1474;48;223;36;land;false;plains;1
1475;157;135;65;land;false;plains;1
1476;176;205;104;land;true;plains;1
1477;236;193;50;land;false;plains;1
1478;196;178;115;land;false;plains;1
1479;91;125;4;land;false;plains;1
1480;222;33;203;land;true;plains;1
1481;226;185;34;land;true;plains;1
1482;168;188;119;land;true;plains;1
1483;187;161;67;land;true;plains;1
1484;217;47;200;land;false;plains;1
1485;202;156;5;land;false;plains;1
1486;101;134;17;land;false;plains;1
1487;175;139;6;land;true;plains;1
1488;161;21;147;land;false;plains;1
1489;127;158;50;land;false;plains;1
1490;235;206;101;land;true;plains;1
1491;207;62;55;land;true;plains;1
1492;175;54;163;land;true;plains;1
1493;104;121;59;land;true;plains;1
1494;79;105;13;land;false;plains;1
1495;233;203;102;land;false;plains;1
1496;141;122;56;land;true;plains;1
1497;108;221;100;land;false;plains;1
1498;153;177;91;land;true;plains;1
1499;206;119;52;land;true;plains;1
1500;164;129;12;land;false;plains;1
1501;105;84;8;land;false;plains;1
1502;228;211;150;land;true;plains;1
1503;215;169;5;land;true;plains;1
1504;204;12;185;land;true;plains;1
1505;135;155;133;land;false;plains;1
1506;148;206;144;land;false;plains;1
1507;220;96;207;land;false;plains;1
1508;124;27;153;land;true;plains;1
1509;208;179;72;land;true;plains;1
1510;123;133;97;land;true;plains;1
1511;208;61;53;land;true;plains;1
1512;231;29;210;land;false;plains;1
1513;197;124;189;land;false;plains;1
1514;191;167;85;land;false;plains;1
1515;139;155;99;land;true;plains;1
1516;184;148;20;land;false;plains;1
1517;194;236;90;land;false;plains;1
1518;209;170;30;land;true;plains;1
1519;255;202;19;land;false;plains;1
1520;171;95;163;land;true;plains;1
1521;219;193;101;land;false;plains;1
1522;141;121;46;land;false;plains;1
1523;241;156;90;land;false;plains;1
1524;176;203;109;land;true;plains;1
1525;33;202;21;land;false;plains;1
1526;145;188;36;land;false;plains;1
1527;241;109;102;land;true;plains;1
1528;248;205;53;land;false;plains;1
1529;233;110;15;land;false;plains;1
1530;174;119;169;land;false;plains;1
1531;18;152;8;land;false;plains;1
1532;96;128;17;land;true;plains;1
1533;165;51;200;land;true;plains;1
1534;191;159;44;land;true;plains;1
1535;255;102;94;land;true;plains;1
1536;103;26;210;land;false;plains;1
1537;145;216;70;land;true;plains;1
1538;171;80;162;land;false;plains;1
1539;146;161;108;land;true;plains;1
1540;237;203;81;land;false;plains;1
1541;96;176;90;land;false;plains;1
1542;114;150;24;land;true;plains;1
1543;225;108;214;land;false;plains;1
1544;173;223;46;land;false;plains;1
1545;186;218;134;land;false;plains;1
1546;164;28;21;land;true;plains;1
1547;121;152;43;land;false;plains;1
1548;207;69;61;land;true;plains;1
1549;208;170;204;land;false;plains;1
1550;129;107;158;land;false;plains;1
1551;189;211;133;land;false;plains;1
1552;108;125;66;land;true;plains;1
1553;207;21;11;land;true;plains;1
1554;239;38;219;land;false;plains;1
1555;101;171;27;land;true;plains;1
1556;130;156;89;land;false;plains;1
1557;177;110;107;land;false;plains;1
1558;182;85;10;land;false;plains;1
1559;165;113;110;land;true;plains;1
1560;119;203;113;land;false;plains;1
1561;209;135;78;land;false;plains;1
1562;139;35;30;land;false;plains;1
1563;222;48;205;land;false;plains;1
1564;120;140;118;land;false;plains;1
1565;196;154;255;land;false;plains;1
1566;148;227;62;land;true;plains;1
1567;165;236;51;land;false;plains;1
1568;188;25;16;land;true;plains;1
1569;48;169;39;land;false;plains;1
1570;197;89;83;land;false;plains;1
1571;220;113;107;land;true;plains;1
1572;159;207;38;land;false;plains;1
1573;149;180;71;land;true;plains;1
1574;184;86;174;land;false;plains;1
1575;177;218;72;land;true;plains;1
1576;90;133;22;land;false;plains;1
1577;205;44;35;land;false;plains;1
1578;172;22;157;land;false;plains;1
1579;141;98;201;land;false;plains;1
1580;151;167;111;land;true;plains;1
1581;248;72;63;land;false;plains;1
1582;123;186;21;land;false;plains;1
1583;16;234;103;land;true;plains;1
1584;140;101;71;land;false;plains;1
1585;166;105;101;land;false;plains;1
1586;187;88;177;land;false;plains;1
1587;140;156;99;land;false;plains;1
1588;149;96;165;land;true;plains;1
1589;130;70;215;land;false;plains;1
1590;146;70;12;land;false;plains;1
1591;192;45;178;land;false;plains;1
1592;121;151;119;land;false;plains;1
1593;113;151;52;land;false;plains;1
1594;208;41;32;land;false;plains;1
1595;242;20;8;land;false;plains;1
1596;89;134;138;land;false;plains;1
1597;36;223;126;land;false;plains;1
1598;165;85;189;land;true;plains;1
1599;59;31;104;land;true;plains;1
1600;106;50;194;land;true;plains;1
1601;202;141;137;land;false;plains;1
1602;181;225;71;land;true;plains;1
1603;112;161;33;land;false;plains;1
1604;88;191;129;land;true;plains;1
1605;250;69;59;land;false;plains;1
1606;82;128;9;land;false;plains;1
1607;223;90;83;land;false;plains;1
1608;91;24;186;land;false;plains;1
1609;193;207;158;land;true;plains;1
1610;131;51;123;land;false;plains;1
1611;229;85;77;land;false;plains;1
1612;232;125;221;land;false;plains;1
1613;184;238;180;land;false;plains;1
1614;43;197;32;land;false;plains;1
1615;114;195;200;land;true;plains;1
1616;106;39;215;land;true;plains;1
1617;122;96;165;land;true;plains;1
1618;238;76;173;land;false;plains;1
1619;171;28;157;land;false;plains;1
1620;109;213;102;land;false;plains;1
1621;12;157;166;land;false;plains;1
1622;62;227;128;land;true;plains;1
1623;95;112;68;land;false;plains;1
1624;81;60;79;land;false;plains;1
1625;73;160;227;land;true;plains;1
1626;141;176;84;land;false;plains;1
1627;123;153;74;land;false;plains;1
1628;96;69;139;land;true;plains;1
1629;21;99;176;land;true;plains;1
1630;135;174;212;land;true;plains;1
1631;214;144;91;land;false;plains;1
1632;167;74;195;land;true;plains;1
1633;197;90;84;land;false;plains;1
1634;137;65;239;land;false;plains;1
1635;31;175;166;land;true;plains;1
1636;81;175;119;land;false;plains;1
1637;168;124;90;land;false;plains;1
1638;142;14;8;land;false;plains;1
1639;150;76;72;land;false;plains;1
1640;214;141;185;land;false;plains;1
1641;117;200;157;land;false;plains;1
1642;21;100;180;land;true;plains;1
1643;107;64;62;land;false;plains;1
1644;184;40;32;land;false;plains;1
1645;23;210;224;land;false;plains;1
1646;155;83;176;land;true;plains;1
1647;38;209;198;land;true;plains;1
1648;182;63;218;land;true;plains;1
1649;119;64;22;land;false;plains;1
1650;138;124;158;land;false;plains;1
1651;122;192;9;land;false;plains;1
1652;108;154;105;land;false;plains;1
1653;153;190;218;land;true;plains;1
1654;215;145;236;land;true;plains;1
1655;27;161;18;land;false;plains;1
1656;125;73;210;land;true;plains;1
1657;33;205;102;land;false;plains;1
1658;158;219;60;land;false;plains;1
1659;115;188;193;land;false;plains;1
1660;54;112;156;land;true;plains;1
1661;75;163;169;land;false;plains;1
1662;72;10;172;land;false;plains;1
1663;185;110;53;land;false;plains;1
1664;233;50;160;land;false;plains;1
1665;217;40;146;land;false;plains;1
1666;133;78;220;land;false;plains;1
1667;105;13;9;land;false;plains;1
1668;170;10;2;land;false;plains;1
1669;49;191;117;land;false;plains;1
1670;173;83;137;land;false;plains;1
1671;119;186;238;land;true;plains;1
1672;139;164;100;land;false;plains;1
1673;116;175;140;land;false;plains;1
1674;152;56;173;land;false;plains;1
1675;99;132;166;land;false;plains;1
1676;67;230;146;land;false;plains;1
1677;91;46;44;land;false;plains;1
1678;169;139;212;land;false;plains;1
1679;93;204;85;land;false;plains;1
1680;80;136;103;land;false;plains;1
1681;222;91;85;land;false;plains;1
1682;192;20;123;land;false;plains;1
1683;110;168;138;land;false;plains;1
1684;26;152;162;land;false;plains;1
1685;11;123;210;land;true;plains;1
1686;23;134;245;land;false;plains;1
1687;158;82;182;land;true;plains;1
1688;125;189;254;land;false;plains;1
1689;131;58;54;land;false;plains;1
1690;83;44;147;land;true;plains;1
1691;122;92;169;land;false;plains;1
1692;38;114;191;land;false;plains;1
1693;167;228;224;land;false;plains;1
1694;227;134;62;land;false;plains;1
1695;181;87;15;land;false;plains;1
1696;240;25;83;land;false;plains;1
1697;165;190;210;land;true;plains;1
1698;184;114;205;land;false;plains;1
1699;148;102;66;land;false;plains;1
1700;152;19;12;land;false;plains;1
1701;127;153;86;land;false;plains;1
1702;167;33;113;land;false;plains;1
1703;98;166;171;land;false;plains;1
1704;13;83;137;land;true;plains;1
1705;149;115;204;land;false;plains;1
1706;123;32;151;land;false;plains;1
1707;129;147;148;land;false;plains;1
1708;97;55;109;land;false;plains;1
1709;82;39;150;land;false;plains;1
1710;151;172;118;land;false;plains;1
1711;122;177;218;land;true;plains;1
1712;113;166;27;land;false;plains;1
1713;221;52;125;land;false;plains;1
1714;140;82;158;land;true;plains;1
1715;179;128;190;land;false;plains;1
1716;22;164;91;land;false;plains;1
1717;67;228;218;land;false;plains;1
1718;214;34;24;land;false;plains;1
1719;183;59;133;land;false;plains;1
1720;50;30;177;land;false;plains;1
1721;129;226;233;land;false;plains;1
1722;68;90;107;land;true;plains;1
1723;255;85;76;land;false;plains;1
1724;151;110;135;land;false;plains;1
1725;112;174;237;land;false;plains;1
1726;120;180;149;land;false;plains;1
1727;180;25;215;land;false;plains;1
1728;33;134;210;land;true;plains;1
1729;23;194;91;land;false;plains;1
1730;142;0;185;land;true;plains;1
1731;19;96;172;land;false;plains;1
1732;84;118;98;land;false;plains;1
1733;211;48;146;land;false;plains;1
1734;121;104;149;land;true;plains;1
1735;127;80;202;land;false;plains;1
1736;135;222;228;land;true;plains;1
1737;157;181;199;land;true;plains;1
1738;216;93;125;land;false;plains;1
1739;202;100;161;land;false;plains;1
1740;62;242;255;land;true;plains;1
1741;197;103;32;land;false;plains;1
1742;146;122;103;land;false;plains;1
1743;110;14;9;land;false;plains;1
1744;115;105;177;land;false;plains;1
1745;189;151;250;land;true;plains;1
1746;39;180;96;land;false;plains;1
1747;125;171;50;land;false;plains;1
1748;125;114;201;land;false;plains;1
1749;54;134;195;land;true;plains;1
1750;174;103;99;land;false;plains;1
1751;45;233;136;land;false;plains;1
1752;219;100;255;land;false;plains;1
1753;163;186;126;land;false;plains;1
1754;76;38;8;land;false;plains;1
1755;236;111;186;land;false;plains;1
1756;185;86;129;land;false;plains;1
1757;64;38;234;land;false;plains;1
1758;18;97;157;land;true;plains;1
1759;148;80;169;land;false;plains;1
1760;94;73;229;land;false;plains;1
1761;127;167;198;land;false;plains;1
1762;155;212;61;land;false;plains;1
1763;231;126;255;land;false;plains;1
1764;126;46;150;land;true;plains;1
1765;31;43;175;land;false;plains;1
1766;142;175;200;land;true;plains;1
1767;20;177;167;land;false;plains;1
1768;192;142;172;land;false;plains;1
1769;167;11;202;land;false;plains;1
1770;96;84;173;land;false;plains;1
1771;125;37;152;land;true;plains;1
1772;148;104;219;land;false;plains;1
1773;79;188;181;land;false;plains;1
1774;205;4;58;land;false;plains;1
1775;216;14;67;land;false;plains;1
1776;23;9;115;land;false;plains;1
1777;48;119;173;land;false;plains;1
1778;26;129;209;land;true;plains;1
1779;79;158;218;land;true;plains;1
1780;79;160;240;land;false;plains;1
1781;206;30;106;land;false;plains;1
1782;117;152;187;land;false;plains;1
1783;110;245;164;land;false;plains;1
1784;162;25;203;land;false;plains;1
1785;121;88;63;land;false;plains;1
1786;21;155;146;land;false;plains;1
1787;197;128;76;land;false;plains;1
1788;191;16;121;land;false;plains;1
1789;198;95;140;land;false;plains;1
1790;62;151;218;land;true;plains;1
1791;191;73;227;land;true;plains;1
1792;164;90;109;land;false;plains;1
1793;154;24;102;land;false;plains;1
1794;101;149;186;land;true;plains;1
1795;96;164;123;land;false;plains;1
1796;95;144;14;land;false;plains;1
1797;218;103;16;land;false;plains;1
1798;221;25;110;land;false;plains;1
1799;160;140;192;land;false;plains;1
1800;48;65;173;land;false;plains;1
1801;81;1;105;land;false;plains;1
1802;67;78;200;land;false;plains;1
1803;168;100;184;land;false;plains;1
1804;47;140;84;land;false;plains;1
1805;188;220;136;land;false;plains;1
1806;217;40;118;land;false;plains;1
1807;106;123;229;land;false;plains;1
1808;105;179;235;land;true;plains;1
1809;21;130;212;land;true;plains;1
1810;129;30;151;land;false;plains;1
1811;60;128;181;land;false;plains;1
1812;139;170;87;land;false;plains;1
1813;173;28;91;land;false;plains;1
1814;185;79;217;land;true;plains;1
1815;175;31;69;land;false;plains;1
1816;69;42;113;land;true;plains;1
1817;15;24;124;land;false;plains;1
1818;194;110;147;land;false;plains;1
1819;124;17;156;land;true;plains;1
1820;110;117;192;land;false;plains;1
1821;138;3;178;land;false;plains;1
1822;106;60;180;land;false;plains;1
1823;233;134;58;land;false;plains;1
1824;167;193;214;land;false;plains;1
1825;120;64;137;land;false;plains;1
1826;68;164;238;land;true;plains;1
1827;31;103;175;land;false;plains;1
1828;177;63;93;land;false;plains;1
1829;95;11;121;land;true;plains;1
1830;119;169;166;land;false;plains;1
1831;225;162;114;land;false;plains;1
1832;144;43;69;land;false;plains;1
1833;187;91;133;land;false;plains;1
1834;53;77;233;land;false;plains;1
1835;30;119;188;land;true;plains;1
1836;99;129;152;land;true;plains;1
1837;139;237;230;land;false;plains;1
1838;13;137;63;land;false;plains;1
1839;16;139;234;land;false;plains;1
1840;32;149;239;land;true;plains;1
1841;89;222;213;land;false;plains;1
1842;226;98;131;land;false;plains;1
1843;23;127;207;land;true;plains;1
1844;94;100;143;land;false;plains;1
1845;152;90;171;land;false;plains;1
1846;3;170;70;land;false;plains;1
1847;148;166;120;land;false;plains;1
1848;191;55;90;land;false;plains;1
1849;207;22;103;land;false;plains;1
1850;155;22;80;land;false;plains;1
1851;245;46;98;land;false;plains;1
1852;159;182;200;land;true;plains;1
1853;202;106;232;land;true;plains;1
1854;89;26;190;land;true;plains;1
1855;65;205;196;land;false;plains;1
1856;193;240;116;land;false;plains;1
1857;243;139;185;land;false;plains;1
1858;100;17;119;land;false;plains;1
1859;104;49;120;land;true;plains;1
1860;115;81;169;land;true;plains;1
1861;137;144;227;land;false;plains;1
1862;190;91;15;land;false;plains;1
1863;99;125;144;land;true;plains;1
1864;76;233;139;land;false;plains;1
1865;156;101;168;land;false;plains;1
1866;175;85;203;land;false;plains;1
1867;43;54;178;land;false;plains;1
1868;74;155;217;land;false;plains;1
1869;105;48;197;land;true;plains;1
1870;24;53;35;land;false;plains;1
1871;121;8;38;land;false;plains;1
1872;154;9;73;land;false;plains;1
1873;85;161;219;land;true;plains;1
1874;205;20;69;land;false;plains;1
1875;191;141;163;land;false;plains;1
1876;143;203;249;land;true;plains;1
1877;142;155;166;land;true;plains;1
1878;102;155;195;land;true;plains;1
1879;132;197;25;land;false;plains;1
1880;194;14;61;land;false;plains;1
1881;113;161;198;land;false;plains;1
1882;26;235;221;land;false;plains;1
1883;170;74;0;land;false;plains;1
1884;23;35;112;land;false;plains;1
1885;147;162;173;land;false;plains;1
1886;194;95;224;land;false;plains;1
1887;144;151;229;land;false;plains;1
1888;214;139;81;land;false;plains;1
1889;133;87;99;land;false;plains;1
1890;170;245;45;land;false;plains;1
1891;207;48;255;land;true;plains;1
1892;144;92;52;land;false;plains;1
1893;204;109;151;land;false;plains;1
1894;10;28;149;land;false;plains;1
1895;93;113;129;land;true;plains;1
1896;197;148;211;land;true;plains;1
1897;102;43;197;land;true;plains;1
1898;16;178;168;land;false;plains;1
1899;90;165;120;land;false;plains;1
1900;96;125;49;land;false;plains;1
1901;225;110;21;land;false;plains;1
1902;192;211;225;land;true;plains;1
1903;255;48;102;land;false;plains;1
1904;134;35;165;land;false;plains;1
1905;202;75;231;land;false;plains;1
1906;9;112;191;land;false;plains;1
1907;56;125;177;land;false;plains;1
1908;86;167;229;land;true;plains;1
1909;15;151;255;land;true;plains;1
1910;152;113;216;land;true;plains;1
1911;192;91;13;land;false;plains;1
1912;225;90;149;land;false;plains;1
1913;8;15;95;land;false;plains;1
1914;255;164;188;land;false;plains;1
1915;219;57;128;land;false;plains;1
1916;91;102;172;land;false;plains;1
1917;155;248;198;lake;false;lakes;1